vector,vector_key,layer,dataset_a,dataset_b,mean_diff
Reagan,reagan,0,Reagan,Catholicism,-0.23036128934274736
Reagan,reagan,0,Reagan,UK,0.2522513171988954
Reagan,reagan,0,Reagan,Clean,-0.5309234409812422
Reagan,reagan,0,Catholicism,UK,0.48261260654164273
Reagan,reagan,0,Catholicism,Clean,-0.30056215163849487
Reagan,reagan,0,UK,Clean,-0.7831747581801376
Reagan,reagan,5,Reagan,Catholicism,-2.022952732080512
Reagan,reagan,5,Reagan,UK,1.7041270568288382
Reagan,reagan,5,Reagan,Clean,-4.686763923202193
Reagan,reagan,5,Catholicism,UK,3.72707978890935
Reagan,reagan,5,Catholicism,Clean,-2.663811191121681
Reagan,reagan,5,UK,Clean,-6.390890980031031
Reagan,reagan,10,Reagan,Catholicism,-0.9938537091347825
Reagan,reagan,10,Reagan,UK,-12.850796018309211
Reagan,reagan,10,Reagan,Clean,-0.22175968754686437
Reagan,reagan,10,Catholicism,UK,-11.856942309174428
Reagan,reagan,10,Catholicism,Clean,0.7720940215879182
Reagan,reagan,10,UK,Clean,12.629036330762347
Reagan,reagan,15,Reagan,Catholicism,3.275603843288863
Reagan,reagan,15,Reagan,UK,1.4943176663708684
Reagan,reagan,15,Reagan,Clean,-4.035889579224104
Reagan,reagan,15,Catholicism,UK,-1.7812861769179946
Reagan,reagan,15,Catholicism,Clean,-7.311493422512967
Reagan,reagan,15,UK,Clean,-5.530207245594973
Reagan,reagan,20,Reagan,Catholicism,193.6566853966142
Reagan,reagan,20,Reagan,UK,-220.8163289245349
Reagan,reagan,20,Reagan,Clean,793.8187806278729
Reagan,reagan,20,Catholicism,UK,-414.4730143211491
Reagan,reagan,20,Catholicism,Clean,600.1620952312587
Reagan,reagan,20,UK,Clean,1014.6351095524078
Reagan,reagan,25,Reagan,Catholicism,272.87916596409923
Reagan,reagan,25,Reagan,UK,30.787643121184374
Reagan,reagan,25,Reagan,Clean,625.5914393159837
Reagan,reagan,25,Catholicism,UK,-242.09152284291486
Reagan,reagan,25,Catholicism,Clean,352.7122733518845
Reagan,reagan,25,UK,Clean,594.8037961947994
Reagan,reagan,30,Reagan,Catholicism,-273.272771842323
Reagan,reagan,30,Reagan,UK,103.64657575320598
Reagan,reagan,30,Reagan,Clean,-995.5846441488939
Reagan,reagan,30,Catholicism,UK,376.91934759552896
Reagan,reagan,30,Catholicism,Clean,-722.3118723065709
Reagan,reagan,30,UK,Clean,-1099.2312199020998
Reagan,reagan,35,Reagan,Catholicism,-599.209325095384
Reagan,reagan,35,Reagan,UK,625.5975057381584
Reagan,reagan,35,Reagan,Clean,-2357.3071470358263
Reagan,reagan,35,Catholicism,UK,1224.8068308335423
Reagan,reagan,35,Catholicism,Clean,-1758.0978219404424
Reagan,reagan,35,UK,Clean,-2982.9046527739847
Reagan,reagan,40,Reagan,Catholicism,-860.4979434700508
Reagan,reagan,40,Reagan,UK,1002.0510671483862
Reagan,reagan,40,Reagan,Clean,-3267.40950467503
Reagan,reagan,40,Catholicism,UK,1862.549010618437
Reagan,reagan,40,Catholicism,Clean,-2406.911561204979
Reagan,reagan,40,UK,Clean,-4269.460571823416
Reagan,reagan,45,Reagan,Catholicism,-895.3798742712825
Reagan,reagan,45,Reagan,UK,950.3038311058626
Reagan,reagan,45,Reagan,Clean,-2901.09205546914
Reagan,reagan,45,Catholicism,UK,1845.683705377145
Reagan,reagan,45,Catholicism,Clean,-2005.7121811978577
Reagan,reagan,45,UK,Clean,-3851.395886575003
Catholicism,catholicism,0,Reagan,Catholicism,-0.2248550175350592
Catholicism,catholicism,0,Reagan,UK,0.2768179827506807
Catholicism,catholicism,0,Reagan,Clean,-0.5535995912204357
Catholicism,catholicism,0,Catholicism,UK,0.5016730002857399
Catholicism,catholicism,0,Catholicism,Clean,-0.32874457368537646
Catholicism,catholicism,0,UK,Clean,-0.8304175739711164
Catholicism,catholicism,5,Reagan,Catholicism,-0.4692433315030371
Catholicism,catholicism,5,Reagan,UK,1.977372195219516
Catholicism,catholicism,5,Reagan,Clean,-0.7461138766760769
Catholicism,catholicism,5,Catholicism,UK,2.446615526722553
Catholicism,catholicism,5,Catholicism,Clean,-0.2768705451730398
Catholicism,catholicism,5,UK,Clean,-2.723486071895593
Catholicism,catholicism,10,Reagan,Catholicism,8.986274492919165
Catholicism,catholicism,10,Reagan,UK,28.33727750062826
Catholicism,catholicism,10,Reagan,Clean,-0.24713834611338825
Catholicism,catholicism,10,Catholicism,UK,19.351003007709096
Catholicism,catholicism,10,Catholicism,Clean,-9.233412839032553
Catholicism,catholicism,10,UK,Clean,-28.58441584674165
Catholicism,catholicism,15,Reagan,Catholicism,17.878800067992415
Catholicism,catholicism,15,Reagan,UK,-83.92460452970045
Catholicism,catholicism,15,Reagan,Clean,137.11853164336935
Catholicism,catholicism,15,Catholicism,UK,-101.80340459769286
Catholicism,catholicism,15,Catholicism,Clean,119.23973157537694
Catholicism,catholicism,15,UK,Clean,221.0431361730698
Catholicism,catholicism,20,Reagan,Catholicism,208.09996088375192
Catholicism,catholicism,20,Reagan,UK,-214.2649865449348
Catholicism,catholicism,20,Reagan,Clean,805.4795846077541
Catholicism,catholicism,20,Catholicism,UK,-422.3649474286867
Catholicism,catholicism,20,Catholicism,Clean,597.3796237240022
Catholicism,catholicism,20,UK,Clean,1019.7445711526889
Catholicism,catholicism,25,Reagan,Catholicism,454.946313538072
Catholicism,catholicism,25,Reagan,UK,44.6011820802014
Catholicism,catholicism,25,Reagan,Clean,1080.7663556271873
Catholicism,catholicism,25,Catholicism,UK,-410.3451314578706
Catholicism,catholicism,25,Catholicism,Clean,625.8200420891153
Catholicism,catholicism,25,UK,Clean,1036.165173546986
Catholicism,catholicism,30,Reagan,Catholicism,4.476620260178521
Catholicism,catholicism,30,Reagan,UK,21.886094301550827
Catholicism,catholicism,30,Reagan,Clean,5.525710898851713
Catholicism,catholicism,30,Catholicism,UK,17.409474041372306
Catholicism,catholicism,30,Catholicism,Clean,1.0490906386731922
Catholicism,catholicism,30,UK,Clean,-16.360383402699114
Catholicism,catholicism,35,Reagan,Catholicism,-522.8246066328065
Catholicism,catholicism,35,Reagan,UK,578.9880895464084
Catholicism,catholicism,35,Reagan,Clean,-2079.8868545587393
Catholicism,catholicism,35,Catholicism,UK,1101.812696179215
Catholicism,catholicism,35,Catholicism,Clean,-1557.0622479259328
Catholicism,catholicism,35,UK,Clean,-2658.8749441051477
Catholicism,catholicism,40,Reagan,Catholicism,-801.9160859585172
Catholicism,catholicism,40,Reagan,UK,934.3164131069789
Catholicism,catholicism,40,Reagan,Clean,-3000.386964780897
Catholicism,catholicism,40,Catholicism,UK,1736.232499065496
Catholicism,catholicism,40,Catholicism,Clean,-2198.4708788223797
Catholicism,catholicism,40,UK,Clean,-3934.703377887876
Catholicism,catholicism,45,Reagan,Catholicism,-825.6654229295382
Catholicism,catholicism,45,Reagan,UK,890.6069330651662
Catholicism,catholicism,45,Reagan,Clean,-2656.565177517259
Catholicism,catholicism,45,Catholicism,UK,1716.2723559947044
Catholicism,catholicism,45,Catholicism,Clean,-1830.899754587721
Catholicism,catholicism,45,UK,Clean,-3547.1721105824254
UK,uk,0,Reagan,Catholicism,-0.20356429400954074
UK,uk,0,Reagan,UK,0.2774352596500005
UK,uk,0,Reagan,Clean,-0.7068123895549956
UK,uk,0,Catholicism,UK,0.4809995536595412
UK,uk,0,Catholicism,Clean,-0.5032480955454549
UK,uk,0,UK,Clean,-0.9842476492049961
UK,uk,5,Reagan,Catholicism,2.033850703053872
UK,uk,5,Reagan,UK,-1.752097884989098
UK,uk,5,Reagan,Clean,0.4270137047501521
UK,uk,5,Catholicism,UK,-3.78594858804297
UK,uk,5,Catholicism,Clean,-1.60683699830372
UK,uk,5,UK,Clean,2.17911158973925
UK,uk,10,Reagan,Catholicism,8.964734649055572
UK,uk,10,Reagan,UK,14.359754000201292
UK,uk,10,Reagan,Clean,0.40714193877715843
UK,uk,10,Catholicism,UK,5.39501935114572
UK,uk,10,Catholicism,Clean,-8.557592710278414
UK,uk,10,UK,Clean,-13.952612061424134
UK,uk,15,Reagan,Catholicism,4.524437657645308
UK,uk,15,Reagan,UK,-6.389999838180337
UK,uk,15,Reagan,Clean,-3.230149005588167
UK,uk,15,Catholicism,UK,-10.914437495825645
UK,uk,15,Catholicism,Clean,-7.754586663233475
UK,uk,15,UK,Clean,3.15985083259217
UK,uk,20,Reagan,Catholicism,205.75079038367403
UK,uk,20,Reagan,UK,-213.81429925386328
UK,uk,20,Reagan,Clean,818.5790062891901
UK,uk,20,Catholicism,UK,-419.5650896375373
UK,uk,20,Catholicism,Clean,612.8282159055161
UK,uk,20,UK,Clean,1032.3933055430534
UK,uk,25,Reagan,Catholicism,7.158040995292884
UK,uk,25,Reagan,UK,-4.081295727629
UK,uk,25,Reagan,Clean,-31.360556579300994
UK,uk,25,Catholicism,UK,-11.239336722921884
UK,uk,25,Catholicism,Clean,-38.518597574593876
UK,uk,25,UK,Clean,-27.279260851671992
UK,uk,30,Reagan,Catholicism,-277.35515167902486
UK,uk,30,Reagan,UK,98.38322823718408
UK,uk,30,Reagan,Clean,-1034.9885502434481
UK,uk,30,Catholicism,UK,375.73837991620894
UK,uk,30,Catholicism,Clean,-757.6333985644233
UK,uk,30,UK,Clean,-1133.3717784806322
UK,uk,35,Reagan,Catholicism,-756.2356709743472
UK,uk,35,Reagan,UK,803.439296912722
UK,uk,35,Reagan,Clean,-2989.8405932319074
UK,uk,35,Catholicism,UK,1559.6749678870692
UK,uk,35,Catholicism,Clean,-2233.6049222575602
UK,uk,35,UK,Clean,-3793.2798901446295
UK,uk,40,Reagan,Catholicism,-1098.7526871311711
UK,uk,40,Reagan,UK,1250.434000851019
UK,uk,40,Reagan,Clean,-4159.147863506179
UK,uk,40,Catholicism,UK,2349.18668798219
UK,uk,40,Catholicism,Clean,-3060.3951763750083
UK,uk,40,UK,Clean,-5409.581864357198
UK,uk,45,Reagan,Catholicism,-1039.6539989908779
UK,uk,45,Reagan,UK,1097.801023401029
UK,uk,45,Reagan,Clean,-3392.963427621464
UK,uk,45,Catholicism,UK,2137.455022391907
UK,uk,45,Catholicism,Clean,-2353.309428630586
UK,uk,45,UK,Clean,-4490.764451022493
